id,topic,question,reference_answer,source_url,before,after,before_correct_0_or_1,after_correct_0_or_1,review_notes,after_source_matches_reference_0_or_1
international_application_04,international_application,How should international applicants change their selected course?,Send the request to mu.documents@monash.edu.,https://www.monash.edu/study/how-to-apply/application-process/international-students/after-you-apply/faq,"International applicants should review the admission criteria for each program they are interested in, as these can vary significantly between institutions. They should also consider factors such as academic prerequisites, language proficiency tests (if required), and any specific requirements of the institution's admissions process.

For detailed guidance on how to proceed with changing courses based on different programs' requirements, it would be best to consult directly with the admissions office of the institution where you have applied. This will provide personalized advice tailored to your specific situation. 

The official website of the institution offering the program provides comprehensive information about its requirements and procedures. Here is the link: [Monash University Admissions](https://www.monash.edu/apply/admission).","Submit a new application with your updated preferences.
Source: https://www.monash.edu/study/graduate-studies/international-applicants/faqs",0,0,Reference requires emailing mu.documents@monash.edu. The trained answer instead instructs a new application and invents a source path.,0
vtac_preferences_04,vtac_preferences,Is there a charge for changing VTAC preferences?,Changes are free and can be repeated before the relevant deadline.,https://www.monash.edu/change-of-preference/faqs,"No, there is no additional fee for changing your VCE Tertiary Entrance Application (VTAC) preferences after you have submitted them. This service is free of charge. For more detailed information, please refer to the official VTAC website: [www.vta.c]m.edu.au.","No preference changes incur a $5 fee.
Source: https://www.monash.edu/study/graduate-studies/faqs",1,0,Baseline correctly states that changes are free. The trained answer is ambiguous and introduces an unsupported $5 amount; its source URL does not match the reference.,0
online_study_04,online_study,Where can I check Monash Online tuition costs?,Check unit fees on the course page; the total depends on your units and approved credit.,https://online.monash.edu/faqs/,"To find out about Monash Online tuition costs, you should visit the official website of Monash University at <https://www.monash.edu>. This will provide detailed information on fees, including online courses.","Check your student account online.
Source: https://www.monash.edu/study/faqs",0,0,Reference directs applicants to unit fees on course pages. Neither answer identifies that location; the trained answer substitutes a student account.,0
scholars_program_02,scholars_program,Who can seek entry into Monash Scholars?,Applications are for endorsed Year 10 students at participating schools.,https://www.monash.edu/study/why-choose-monash/information-for-high-achieving-students/monash-scholars/monash-scholars-frequently-asked-questions,"Monash Scholars program is open to all full-time undergraduate students at Monash University who have completed their first year of studies. The program aims to recognize academic excellence and support high-achieving students through various opportunities such as scholarships, mentoring, and networking events. For more detailed information, please refer to the official Monash website or contact the Monash University Admissions Office directly.","Any student who has completed at least one year of full-time study in any discipline.
Source: https://www.monash.edu/study/graduate-studies/faqs",0,0,Eligibility is endorsed Year 10 students at participating schools. Both answers describe university-level eligibility instead.,0
research_offers_02,research_offers,Do research scholarships pay visa application charges?,No. Those application charges are excluded.,"https://www.monash.edu/graduate-research/support-and-resources/resources/faqs/admission-scholarship/application,-admission-and-scholarship-offers","Research scholarships do not typically cover visa application fees. The responsibility for paying these fees usually falls on the individual applying for the scholarship. For accurate information about specific scholarships, it's best to check directly with the funding body or organization offering the scholarship.","No. Scholarships do not cover visa fees.
Source: https://www.monash.edu/study/fees-and-scholarships/faqs",1,1,Both answer bodies correctly exclude visa application fees. The trained source URL does not match the official reference page.,0
accommodation_03,accommodation,Can one housing application select two accommodation sites?,Select one site; you may request consideration for the same-campus alternative if unsuccessful.,https://www.monash.edu/accommodation/on-campus-accommodation/apply/faq,"Yes, you can select multiple accommodation sites for your housing application. This feature allows you to choose from several options available at different locations. For detailed instructions on how to do this, refer to the specific guidelines provided by your institution's admissions office or student services department. They will offer step-by-step guidance tailored to their system and process.","Yes, but you can only apply for one site per application.
Source: https://www.monash.edu/study/graduate-studies/application/faqs",0,0,Reference allows one selected site plus conditional consideration for an alternative. The baseline says multiple sites can be selected; the trained answer opens with Yes and omits the conditional alternative.,0
library_06,library,What changes when a library loan becomes overdue?,Further borrowing is blocked and other loans stop renewing automatically.,https://www.monash.edu/library/find-and-borrow/borrowing,"When a library loan becomes overdue, it typically means that the borrower has failed to return the item by its due date. This results in several consequences:

1. **Fine**: The borrower incurs a fine for each day the item remains overdue. The amount of the fine can vary depending on the library's policy.

2. **Restrictions**: Some libraries might place restrictions on the borrower's account, such as limiting access to certain resources or services until the item is returned.

3. **Replacement Fee**: In some cases, if the item cannot be found, the borrower may have to pay a replacement fee before borrowing another item from the library.

4. **Item Removal**: Libraries often remove items from their collection after a specified number of days overdue (e.g., 30 days) without being","The book will be returned to the library.
Source: https://www.monash.edu/library/faqs",0,0,Reference states that further borrowing is blocked and automatic renewals stop. Neither answer states these consequences accurately.,0
graduate_study_05,graduate_study,When can I inspect my graduate unit timetable?,Relevant timetables become available through Allocate+ after enrolment.,https://www.monash.edu/graduate-study/faqs,"The exact timing for inspecting your graduate unit timetable at Monash University will depend on your specific program and the academic year in which you are enrolled. Typically, this process occurs during orientation week or early in the semester. For detailed information, please refer to the official Monash University website or contact your academic advisor directly. The link provided below directs you to the appropriate section of their website where you can find more detailed instructions:

[Monash University Website](https://www.monash.edu/your-study)","Contact your Graduate School office.
Source: https://www.monash.edu/study/graduate-studies/faqs",0,0,Reference states Allocate+ after enrolment. Neither answer provides the required system and timing.,0
scholarship_applications_03,scholarship_applications,Which office handles research scholarship applications?,Applications for research masters and doctorate scholarships go through Monash Graduate Education.,https://www.monash.edu/study/fees-scholarships/scholarships/applications,"The Office of Research at Monash University handles research scholarship applications.

Official Source: [Monash University's website](https://www.monash.edu/)","The Office of Research.
Source: https://www.monash.edu/research/faqs",0,0,Reference names Monash Graduate Education. Both answers incorrectly name the Office of Research.,0
international_postgraduate_01,international_postgraduate,How are international postgraduate tuition amounts determined?,Fees depend on your course and commencement year; consult course pages or the fee calculator.,https://www.monash.edu/study/international/graduate,"International postgraduate tuition fees for Australian universities are typically set by each institution based on its own costs of providing education. These fees can vary significantly from one institution to another due to differences in location (e.g., cost of living), program offerings, and administrative overheads.

The exact amount can be found on individual university websites or through their respective country's government departments responsible for higher education. For example, Australia has the Department of Education and Training which oversees national funding programs like the Higher Education Contribution Scheme (HECS).

For more detailed information, you should refer directly to the website of the specific university offering your desired degree program. Each institution will provide clear details about its international fee structure, including any additional charges such as accommodation, living expenses, and other associated costs.","The Australian government sets fees based on student need.
Source: https://www.monash.edu/study/international/faqs",0,0,"Reference states course and commencement year, with course pages or the fee calculator. The trained answer instead attributes fees to government and student need.",0
