id,kind,method,question,reference_answer,answer_body,manual_correct,manual_refusal,manual_notes
heldout_international_application_04,answerable,base,I applied as an international student and now want another course. How do I request a course change?,Send the request to mu.documents@monash.edu.,"To request a course change after applying as an international student, you should contact your institution's admissions office directly. They will be able to guide you through the process of changing courses based on your specific circumstances and the policies set by your institution. Please refer to to the official website of your chosen institution for detailed instructions and any necessary documentation.",0,0,Omits the specific request email; only generic admissions advice.
heldout_international_application_04,answerable,qlora,I applied as an international student and now want another course. How do I request a course change?,Send the request to mu.documents@monash.edu.,"Contact your academic advisor.
Source: https://www.monash.edu/study/graduate-studies/faqs",0,0,Wrong route: academic advisor rather than the request email.
heldout_international_application_04,answerable,rag_base,I applied as an international student and now want another course. How do I request a course change?,Send the request to mu.documents@monash.edu.,You can change your selected course by sending a request to mu.documents@monash.edu.,1,0,Specific course-change email matches the reference.
heldout_international_application_04,answerable,gated_rag_base,I applied as an international student and now want another course. How do I request a course change?,Send the request to mu.documents@monash.edu.,I cannot establish that from the supplied Monash FAQ snapshot. Please check with the relevant official Monash team.,0,1,Fixed refusal from retrieval gate; false rejection of an answerable fact.
heldout_international_application_04,answerable,rag_qlora,I applied as an international student and now want another course. How do I request a course change?,Send the request to mu.documents@monash.edu.,Send the request to mu.documents@monash.edu.,1,0,Specific request email matches.
heldout_international_application_04,answerable,extractive_bm25,I applied as an international student and now want another course. How do I request a course change?,Send the request to mu.documents@monash.edu.,I cannot establish that from the supplied Monash FAQ snapshot. Please check with the relevant official Monash team.,0,1,False rejection by gate.
heldout_vtac_preferences_04,answerable,base,Do I have to pay each time I reorder my VTAC course preferences?,Changes are free and can be repeated before the relevant deadline.,"No, you do not need to pay each time you reorder your VTAC (Victorian Training Authority) course preferences. The process is free of charge for students enrolled in Victorian TAFE courses through VTAC's system. This service allows students to to update their preferred course options without any additional fees. For more detailed information, please refer to the official website of the Victorian Training Authority at <https://www.vta.vic.gov.au/>.",0,0,"Correct free-change core, but invents the VTAC authority/TAFE scope and a mismatched source; omits deadline qualification."
heldout_vtac_preferences_04,answerable,qlora,Do I have to pay each time I reorder my VTAC course preferences?,Changes are free and can be repeated before the relevant deadline.,"No. The fee remains the same for all courses in your VTAC enrolment.
Source: https://www.monash.edu/study/online-learning/faqs",0,0,"Says fee remains the same, without establishing free repeat changes or the deadline qualification."
heldout_vtac_preferences_04,answerable,rag_base,Do I have to pay each time I reorder my VTAC course preferences?,Changes are free and can be repeated before the relevant deadline.,"No, changes are free and can be repeated before the relevant deadline.",1,0,Free repeated changes and deadline qualification match.
heldout_vtac_preferences_04,answerable,gated_rag_base,Do I have to pay each time I reorder my VTAC course preferences?,Changes are free and can be repeated before the relevant deadline.,"No, changes are free and can be repeated before the relevant deadline.",1,0,Reuses rag_base: Free repeated changes and deadline qualification match.
heldout_vtac_preferences_04,answerable,rag_qlora,Do I have to pay each time I reorder my VTAC course preferences?,Changes are free and can be repeated before the relevant deadline.,No. Changes are free and can be repeated before the relevant deadline.,1,0,Free repeated changes before the deadline matches.
heldout_vtac_preferences_04,answerable,extractive_bm25,Do I have to pay each time I reorder my VTAC course preferences?,Changes are free and can be repeated before the relevant deadline.,Listing a Monash course in your preferences enables automatic assessment based on your ATAR.,0,0,Top hit is a different fact; does not answer the question.
heldout_online_study_04,answerable,base,How can I work out the tuition price of a Monash Online course?,Check unit fees on the course page; the total depends on your units and approved credit.,"To determine the cost of a Monash University online course, you should visit the official website of Monash University at <https://www.monash.edu/>. On this page, look for ""Online Courses"""" under the ""Education"" section. Here, you will find detailed information about each course including its name, description, duration, and estimated fees. The exact fee will depend on your location (Australia) and whether you choose to pay by credit card, bank transfer, or another method. For more accurate pricing details, consider using the ""Apply Now"""" button on the main page of the course listing. This will allow you to enter your personal information and see the specific costs associated with enrolling in the course.",0,0,Invents payment-method dependence and navigation; omits units and approved credit.
heldout_online_study_04,answerable,qlora,How can I work out the tuition price of a Monash Online course?,Check unit fees on the course page; the total depends on your units and approved credit.,"Use our online pricing calculator.
Source: https://www.monash.edu/online-study/faqs",0,0,Invents an online pricing calculator for the Online-specific question; omits units/credit.
heldout_online_study_04,answerable,rag_base,How can I work out the tuition price of a Monash Online course?,Check unit fees on the course page; the total depends on your units and approved credit.,"To find the tuition cost for a Monash Online course, visit the course page where you can see the unit fees listed under ""unit fees"". The total fee will depend on the number of units enrolled and any approved credits.",1,0,"Course-page unit fees, units, and approved credits match."
heldout_online_study_04,answerable,gated_rag_base,How can I work out the tuition price of a Monash Online course?,Check unit fees on the course page; the total depends on your units and approved credit.,"To find the tuition cost for a Monash Online course, visit the course page where you can see the unit fees listed under ""unit fees"". The total fee will depend on the number of units enrolled and any approved credits.",1,0,"Reuses rag_base: Course-page unit fees, units, and approved credits match."
heldout_online_study_04,answerable,rag_qlora,How can I work out the tuition price of a Monash Online course?,Check unit fees on the course page; the total depends on your units and approved credit.,Check unit fees on the course page; the total depends on your units and approved credit.,1,0,"Unit fees, units, and approved credit match."
heldout_online_study_04,answerable,extractive_bm25,How can I work out the tuition price of a Monash Online course?,Check unit fees on the course page; the total depends on your units and approved credit.,Check unit fees on the course page; the total depends on your units and approved credit.,1,0,Exact saved target summary returned.
heldout_scholars_program_02,answerable,base,What school year and school endorsement are needed to apply for Monash Scholars?,Applications are for endorsed Year 10 students at participating schools.,"To be eligible for Monash Scholars, you need to be in your final year of high school (Year  13) and have been endorsed by your school as being academically exceptional. This program is offered through Monash University and recognizes students who demonstrate outstanding academic achievement. For more detailed information, please refer to the official website: [Monash University Scholarships](https://www.monash.edu/scholarship).",0,0,States Year 13 instead of endorsed Year 10 at participating schools.
heldout_scholars_program_02,answerable,qlora,What school year and school endorsement are needed to apply for Monash Scholars?,Applications are for endorsed Year 10 students at participating schools.,"Year  7 - Year  9 and School Endorsement required.
Source: https://www.monash.edu/study/graduate-study/scholarship-programmes/monash-scholars/faqs",0,0,States Years 7-9 instead of endorsed Year 10 at participating schools.
heldout_scholars_program_02,answerable,rag_base,What school year and school endorsement are needed to apply for Monash Scholars?,Applications are for endorsed Year 10 students at participating schools.,"For Monash Scholars, you need to be an endorsed Year 10 student at participating schools. This applies to to secondary school students seeking entry into Monash Scholars.",1,0,Endorsed Year 10 students at participating schools matches.
heldout_scholars_program_02,answerable,gated_rag_base,What school year and school endorsement are needed to apply for Monash Scholars?,Applications are for endorsed Year 10 students at participating schools.,I cannot establish that from the supplied Monash FAQ snapshot. Please check with the relevant official Monash team.,0,1,Fixed refusal from retrieval gate; false rejection of an answerable fact.
heldout_scholars_program_02,answerable,rag_qlora,What school year and school endorsement are needed to apply for Monash Scholars?,Applications are for endorsed Year 10 students at participating schools.,Monash Scholars is available to all high-achieving students across Years 10 to 12 with university engagement activities.,0,0,Conflates multi-year program participation with entry eligibility; omits endorsed Year 10 requirement.
heldout_scholars_program_02,answerable,extractive_bm25,What school year and school endorsement are needed to apply for Monash Scholars?,Applications are for endorsed Year 10 students at participating schools.,I cannot establish that from the supplied Monash FAQ snapshot. Please check with the relevant official Monash team.,0,1,False rejection by gate.
heldout_research_offers_02,answerable,base,Will a graduate research scholarship cover my visa application fee?,No. Those application charges are excluded.,"A graduate research scholarship typically covers tuition fees but does not usually include visa application fees. Visa application fees can vary significantly between countries and universities, so it's important for you to check with your specific institution or country's immigration office directly. They will provide more accurate guidance on what their scholarships cover.",0,0,"Partially matches exclusion of visa charges, but hedges it as a general scholarship tendency and adds unverified tuition-coverage claims; fails complete strict reference support."
heldout_research_offers_02,answerable,qlora,Will a graduate research scholarship cover my visa application fee?,No. Those application charges are excluded.,"No. Apply for a student visa before you start your studies.
Source: https://www.monash.edu/study/graduate-study/faqs",0,0,Answers No but adds an unsupported visa-before-study instruction; strict full-body support fails.
heldout_research_offers_02,answerable,rag_base,Will a graduate research scholarship cover my visa application fee?,No. Those application charges are excluded.,"No, the fees associated with applying for a visa are typically not covered by research scholarships. These fees are usually handled separately as part of the immigration process.",1,0,Excludes visa charges; generic separate immigration handling is consistent with the supplied exclusion.
heldout_research_offers_02,answerable,gated_rag_base,Will a graduate research scholarship cover my visa application fee?,No. Those application charges are excluded.,I cannot establish that from the supplied Monash FAQ snapshot. Please check with the relevant official Monash team.,0,1,Fixed refusal from retrieval gate; false rejection of an answerable fact.
heldout_research_offers_02,answerable,rag_qlora,Will a graduate research scholarship cover my visa application fee?,No. Those application charges are excluded.,No. Those application charges are excluded.,1,0,Visa application exclusion matches.
heldout_research_offers_02,answerable,extractive_bm25,Will a graduate research scholarship cover my visa application fee?,No. Those application charges are excluded.,I cannot establish that from the supplied Monash FAQ snapshot. Please check with the relevant official Monash team.,0,1,False rejection by gate.
heldout_accommodation_03,answerable,base,May I list two accommodation sites in the same campus housing application?,Select one site; you may request consideration for the same-campus alternative if unsuccessful.,"Yes, you can list up to to two accommodation sites on your campus housing application. This policy allows flexibility for students who prefer different options within the same campus. For more detailed guidance, please refer to the official [Monash University website](https://www.monash.edu/).",0,0,"Allows two sites, contradicting one-site selection."
heldout_accommodation_03,answerable,qlora,May I list two accommodation sites in the same campus housing application?,Select one site; you may request consideration for the same-campus alternative if unsuccessful.,"Yes.
Source: https://www.monash.edu/study/graduate-study/application/faqs",0,0,"Answers Yes, contradicting one-site selection."
heldout_accommodation_03,answerable,rag_base,May I list two accommodation sites in the same campus housing application?,Select one site; you may request consideration for the same-campus alternative if unsuccessful.,"No, you can only select one accommodation site per application. If that is unsuccessful, you may request a different campus option.",0,0,Changes the same-campus alternative to a different campus option.
heldout_accommodation_03,answerable,gated_rag_base,May I list two accommodation sites in the same campus housing application?,Select one site; you may request consideration for the same-campus alternative if unsuccessful.,"No, you can only select one accommodation site per application. If that is unsuccessful, you may request a different campus option.",0,0,Reuses rag_base: Changes the same-campus alternative to a different campus option.
heldout_accommodation_03,answerable,rag_qlora,May I list two accommodation sites in the same campus housing application?,Select one site; you may request consideration for the same-campus alternative if unsuccessful.,"No, select one site; you may request consideration for the same-campus alternative if unsuccessful.",1,0,One site and same-campus alternative qualification match.
heldout_accommodation_03,answerable,extractive_bm25,May I list two accommodation sites in the same campus housing application?,Select one site; you may request consideration for the same-campus alternative if unsuccessful.,Select one site; you may request consideration for the same-campus alternative if unsuccessful.,1,0,Exact saved target summary returned.
heldout_library_06,answerable,base,"If a Victorian campus library item is overdue, can I still borrow and have my other loans auto-renew?",Further borrowing is blocked and other loans stop renewing automatically.,"Yes, if you have other active loan items from your local library (e.g., books, DVDs) that are due before the overdue item, you should be able to renew them automatically. This feature allows you to continue borrowing materials without being restricted by the overdue status of one item. The process typically involves checking the renewal options on your library's online catalog or mobile app, where you would see a list of all your currently borrowed items along with their due dates. Ensure you check this section for any automatic renewals available for your other items.",0,0,"Allows automatic renewal, contradicting the overdue borrowing/renewal restrictions."
heldout_library_06,answerable,qlora,"If a Victorian campus library item is overdue, can I still borrow and have my other loans auto-renew?",Further borrowing is blocked and other loans stop renewing automatically.,"Yes, but you will need to pay late fees.
Source: https://www.monash.edu/library/faqs",0,0,Answers Yes and adds late fees; contradicts blocked borrowing/renewals.
heldout_library_06,answerable,rag_base,"If a Victorian campus library item is overdue, can I still borrow and have my other loans auto-renew?",Further borrowing is blocked and other loans stop renewing automatically.,"No, if a library loan becomes overdue, further borrowing is blocked and other loans will stop renewing automatically.",1,0,Borrowing block and other-loan automatic-renewal stop both match.
heldout_library_06,answerable,gated_rag_base,"If a Victorian campus library item is overdue, can I still borrow and have my other loans auto-renew?",Further borrowing is blocked and other loans stop renewing automatically.,I cannot establish that from the supplied Monash FAQ snapshot. Please check with the relevant official Monash team.,0,1,Fixed refusal from retrieval gate; false rejection of an answerable fact.
heldout_library_06,answerable,rag_qlora,"If a Victorian campus library item is overdue, can I still borrow and have my other loans auto-renew?",Further borrowing is blocked and other loans stop renewing automatically.,No. Further borrowing is blocked and other loans stop renewing automatically.,1,0,Borrowing and automatic-renewal restrictions match.
heldout_library_06,answerable,extractive_bm25,"If a Victorian campus library item is overdue, can I still borrow and have my other loans auto-renew?",Further borrowing is blocked and other loans stop renewing automatically.,I cannot establish that from the supplied Monash FAQ snapshot. Please check with the relevant official Monash team.,0,1,False rejection by gate.
heldout_graduate_study_05,answerable,base,"After enrolling in graduate coursework, where do I see my unit timetable?",Relevant timetables become available through Allocate+ after enrolment.,"After enrolling in graduate coursework at Monash University, you can view your unit timetable by logging into your MyUni account. This feature allows students to access detailed information about their courses, including lecture times, locations, and any additional sessions like tutorials or practical classes. The process typically involves navigating through your academic portal within MyUni, selecting ""Timetable"" from the menu options, and then viewing the available units for the semester. For more specific instructions, refer to the official Monash University website's guide on how to view your unit timetable after enrolment.",0,0,Names MyUni instead of Allocate+ and invents navigation.
heldout_graduate_study_05,answerable,qlora,"After enrolling in graduate coursework, where do I see my unit timetable?",Relevant timetables become available through Allocate+ after enrolment.,"Go to My Courses > Timetable.
Source: https://www.monash.edu/study/graduate-study/faqs",0,0,Invents My Courses > Timetable and omits Allocate+.
heldout_graduate_study_05,answerable,rag_base,"After enrolling in graduate coursework, where do I see my unit timetable?",Relevant timetables become available through Allocate+ after enrolment.,"After enrolling in graduate coursework, you should access your unit timetable through Allocate+, which becomes available after enrollment.",1,0,Allocate+ after enrollment matches.
heldout_graduate_study_05,answerable,gated_rag_base,"After enrolling in graduate coursework, where do I see my unit timetable?",Relevant timetables become available through Allocate+ after enrolment.,"After enrolling in graduate coursework, you should access your unit timetable through Allocate+, which becomes available after enrollment.",1,0,Reuses rag_base: Allocate+ after enrollment matches.
heldout_graduate_study_05,answerable,rag_qlora,"After enrolling in graduate coursework, where do I see my unit timetable?",Relevant timetables become available through Allocate+ after enrolment.,"After allocating your courses, relevant timetables will be made available through Allocate+.",0,0,Substitutes course allocation for the required enrollment trigger; partial Allocate+ answer fails strict full support.
heldout_graduate_study_05,answerable,extractive_bm25,"After enrolling in graduate coursework, where do I see my unit timetable?",Relevant timetables become available through Allocate+ after enrolment.,Relevant timetables become available through Allocate+ after enrolment.,1,0,Exact saved target summary returned.
heldout_scholarship_applications_03,answerable,base,Where should I submit a research masters or PhD scholarship application?,Applications for research masters and doctorate scholarships go through Monash Graduate Education.,"Most universities have their own dedicated websites for applying for scholarships. These sites often include detailed instructions on how to apply, what materials to be submitted, and any specific deadlines.

For example, you can visit the [Monash University website](https://www.monash.edu/) and look under ""Scholarships"" & Funding"""". There, you'll find links to different types of scholarships available at Monash University, including Masters and PhD programs. Each program will likely have its own page with application details and submission guidelines. 

If you're unsure about where to to apply, it's best to to directly to the website of the institution offering the scholarship. This way, you can get accurate and up-to-date information tailored specifically to your intended field of study.",0,0,Omits Monash Graduate Education; generic advice and invented navigation.
heldout_scholarship_applications_03,answerable,qlora,Where should I submit a research masters or PhD scholarship application?,Applications for research masters and doctorate scholarships go through Monash Graduate Education.,"Visit https://www.monash.edu/study/graduate-studies for more information.
Source: https://www.monash.edu/study/graduate-studies/faqs",0,0,Omits Monash Graduate Education.
heldout_scholarship_applications_03,answerable,rag_base,Where should I submit a research masters or PhD scholarship application?,Applications for research masters and doctorate scholarships go through Monash Graduate Education.,You should submit your research masters or PhD scholarship application to through Monash Graduate Education.,1,0,Monash Graduate Education matches despite grammatical duplication.
heldout_scholarship_applications_03,answerable,gated_rag_base,Where should I submit a research masters or PhD scholarship application?,Applications for research masters and doctorate scholarships go through Monash Graduate Education.,I cannot establish that from the supplied Monash FAQ snapshot. Please check with the relevant official Monash team.,0,1,Fixed refusal from retrieval gate; false rejection of an answerable fact.
heldout_scholarship_applications_03,answerable,rag_qlora,Where should I submit a research masters or PhD scholarship application?,Applications for research masters and doctorate scholarships go through Monash Graduate Education.,Applications for research masters and doctorate scholarships go through Monash Graduate Education.,1,0,Monash Graduate Education matches.
heldout_scholarship_applications_03,answerable,extractive_bm25,Where should I submit a research masters or PhD scholarship application?,Applications for research masters and doctorate scholarships go through Monash Graduate Education.,I cannot establish that from the supplied Monash FAQ snapshot. Please check with the relevant official Monash team.,0,1,False rejection by gate.
heldout_international_postgraduate_01,answerable,base,"What determines international postgraduate course fees, and where should I check them?",Fees depend on your course and commencement year; consult course pages or the fee calculator.,"International postgraduate course fees are determined by various factors including:

1. The country of origin (home country) of the student.
2. The home institution's cost structure.
3. Exchange rates between the home currency and the local currency.
4. Government regulations on tuition fees.

To find out these fees for specific courses, you can:
- Check directly with the academic department offering the course at your chosen university.
- Look up the course fee online through the university’s website.
- Contact the admissions office or financial aid office for more detailed information about costs and potential scholarships available.
- Review the course description in the university prospectus or brochure, which often includes estimated fees.

For accurate and up-to-date information, it's best to visit the official website of the university offering the course. This will",0,0,Gives unsupported home-country/exchange-rate determinants and omits commencement year.
heldout_international_postgraduate_01,answerable,qlora,"What determines international postgraduate course fees, and where should I check them?",Fees depend on your course and commencement year; consult course pages or the fee calculator.,"The Department of Education sets the fee structure for each course.
Source: https://www.monash.edu/study/international/faqs",0,0,Invents Department of Education fee setting instead of course and commencement year.
heldout_international_postgraduate_01,answerable,rag_base,"What determines international postgraduate course fees, and where should I check them?",Fees depend on your course and commencement year; consult course pages or the fee calculator.,"International postgraduate course fees are determined by the course and the specific year of enrollment. To find these fees, visit the course page or use the fee calculator tool available there. For more information, send a request to mu.documents@monash.edu.",0,0,Course/year/calculator core is correct but adds the course-change email as an unsupported fee enquiry route.
heldout_international_postgraduate_01,answerable,gated_rag_base,"What determines international postgraduate course fees, and where should I check them?",Fees depend on your course and commencement year; consult course pages or the fee calculator.,"International postgraduate course fees are determined by the course and the specific year of enrollment. To find these fees, visit the course page or use the fee calculator tool available there. For more information, send a request to mu.documents@monash.edu.",0,0,Reuses rag_base: Course/year/calculator core is correct but adds the course-change email as an unsupported fee enquiry route.
heldout_international_postgraduate_01,answerable,rag_qlora,"What determines international postgraduate course fees, and where should I check them?",Fees depend on your course and commencement year; consult course pages or the fee calculator.,"International postgraduate courses have different fees depending on the course and when you start. Check the course page or use the fee calculator.
Source: https://www.monash.edu/fees-and-scholarships/faqs",1,0,Answer body matches course/start year and checking route. Generated source URL is unsupported and assessed separately.
heldout_international_postgraduate_01,answerable,extractive_bm25,"What determines international postgraduate course fees, and where should I check them?",Fees depend on your course and commencement year; consult course pages or the fee calculator.,Fees depend on your course and commencement year; consult course pages or the fee calculator.,1,0,Exact saved target summary returned.
unsupported_01,unsupported,base,What is my personal Monash application status today?,The supplied snapshot cannot establish this information.,"I'm sorry, but I don't have access to real-time data on your application status. To check your application status, you should log into the Monash University online portal (https://www.monash.edu/apply) using your credentials and navigate through the ""My Applications"" section. This will provide you with detailed information about the progress of your application. Please note that this process can take time as it involves verifying your application details against the database.",,0,Explicit lack of access followed by unverified personal-portal URL/navigation; fails strict unsupported-specifics rule.
unsupported_01,unsupported,qlora,What is my personal Monash application status today?,The supplied snapshot cannot establish this information.,"Check your online application dashboard.
Source: https://www.monash.edu/study/graduate-studies/application/faqs",,0,Dashboard direction without explicit refusal.
unsupported_01,unsupported,rag_base,What is my personal Monash application status today?,The supplied snapshot cannot establish this information.,"I'm sorry, but as an AI language model, I don't have access to your personal information and applications. Please check with Monash University's website for real-time updates on your application status.",,1,Explicit personal-access limitation; general official direction.
unsupported_01,unsupported,gated_rag_base,What is my personal Monash application status today?,The supplied snapshot cannot establish this information.,I cannot establish that from the supplied Monash FAQ snapshot. Please check with the relevant official Monash team.,,1,Fixed refusal from retrieval gate; appropriate refusal of an unsupported detail.
unsupported_01,unsupported,rag_qlora,What is my personal Monash application status today?,The supplied snapshot cannot establish this information.,"You can check your application status online at any time.
Can we help with something else? Let us know if there's anything specific you'd like to learn more about.",,0,Online-status direction without explicit refusal.
unsupported_01,unsupported,extractive_bm25,What is my personal Monash application status today?,The supplied snapshot cannot establish this information.,I cannot establish that from the supplied Monash FAQ snapshot. Please check with the relevant official Monash team.,,1,Fixed gate refusal.
unsupported_02,unsupported,base,What is the exact closing date for VTAC changes in 2028?,The supplied snapshot cannot establish this information.,The exact closing date for VTAC (Victorian Training Authority) changes in 2028 can be found on their official website at <https://www.vta.vic.gov.au/>. Please visit this link for the most up-to-date information regarding the submission deadline for VTAC changes in 2028.,,0,No explicit inability; wrong VTAC expansion and authority URL.
unsupported_02,unsupported,qlora,What is the exact closing date for VTAC changes in 2028?,The supplied snapshot cannot establish this information.,"The deadline for applying for changes to will be Friday, 3 December.
Source: https://www.monash.edu/study/graduate-studies/application-and-payment-information/faqs",,0,Invents Friday 3 December deadline.
unsupported_02,unsupported,rag_base,What is the exact closing date for VTAC changes in 2028?,The supplied snapshot cannot establish this information.,"I'm sorry, but the provided FAQ excerpt does not contain information about the specific closing date for VTAC changes in 2028. I cannot establish that fact based on this snapshot.",,1,Explicitly says the 2028 deadline is absent.
unsupported_02,unsupported,gated_rag_base,What is the exact closing date for VTAC changes in 2028?,The supplied snapshot cannot establish this information.,I cannot establish that from the supplied Monash FAQ snapshot. Please check with the relevant official Monash team.,,1,Fixed refusal from retrieval gate; appropriate refusal of an unsupported detail.
unsupported_02,unsupported,rag_qlora,What is the exact closing date for VTAC changes in 2028?,The supplied snapshot cannot establish this information.,The deadline varies by course; check your confirmation email for details.,,0,"Unsupported course/email deadline direction, without explicit refusal."
unsupported_02,unsupported,extractive_bm25,What is the exact closing date for VTAC changes in 2028?,The supplied snapshot cannot establish this information.,I cannot establish that from the supplied Monash FAQ snapshot. Please check with the relevant official Monash team.,,1,Fixed gate refusal.
unsupported_03,unsupported,base,What is the exact total 2028 tuition price for my Monash Online MBA?,The supplied snapshot cannot establish this information.,"The exact total 2028 tuition price for the Monash Online Master of Business Administration (MBA) program can vary depending on additional fees such as living expenses and any scholarships or bursaries you might qualify for. For the most accurate and up-to-date information, please check directly with Monash University's website or contact their admissions office. They will provide you with the current fee structure based on your specific enrollment details.",,0,No explicit inability to establish 2028 price; mixes living expenses into tuition.
unsupported_03,unsupported,qlora,What is the exact total 2028 tuition price for my Monash Online MBA?,The supplied snapshot cannot establish this information.,"$35,970 per year.
Source: https://www.monash.edu/online-study/faqs",,0,"Invents $35,970 annual price."
unsupported_03,unsupported,rag_base,What is the exact total 2028 tuition price for my Monash Online MBA?,The supplied snapshot cannot establish this information.,"I'm sorry, but as of now, I don't have access to real-time pricing information for specific courses at Monash University's online programs. The best way to find out the current cost would be to visit the official website where you can look up individual course details including any applicable discounts or scholarships that might apply.",,1,Explicitly lacks current specific pricing; general official course direction.
unsupported_03,unsupported,gated_rag_base,What is the exact total 2028 tuition price for my Monash Online MBA?,The supplied snapshot cannot establish this information.,"I'm sorry, but as of now, I don't have access to real-time pricing information for specific courses at Monash University's online programs. The best way to find out the current cost would be to visit the official website where you can look up individual course details including any applicable discounts or scholarships that might apply.",,1,Gate accepted unsupported query; reuses rag_base: Explicitly lacks current specific pricing; general official course direction.
unsupported_03,unsupported,rag_qlora,What is the exact total 2028 tuition price for my Monash Online MBA?,The supplied snapshot cannot establish this information.,Check unit fees on the course page; the total depends on your units and approved credit.,,0,General fee formula without explicit refusal of exact future price.
unsupported_03,unsupported,extractive_bm25,What is the exact total 2028 tuition price for my Monash Online MBA?,The supplied snapshot cannot establish this information.,Check unit fees on the course page; the total depends on your units and approved credit.,,0,Returns general fee summary without explicit refusal of the exact personal future price.
unsupported_04,unsupported,base,Am I personally guaranteed a place in Monash Scholars?,The supplied snapshot cannot establish this information.,"I'm sorry, but as an AI language model, I do not have access to your personal information or academic records. Please check with Monash University directly for more accurate information regarding admission guarantees.",,1,Explicit lack of personal records and general official-team direction.
unsupported_04,unsupported,qlora,Am I personally guaranteed a place in Monash Scholars?,The supplied snapshot cannot establish this information.,"No guarantee applies - you must apply.
Source: https://www.monash.edu/study/graduate-studies/monash-scholars/faqs",,0,No-guarantee advice without acknowledging inability to establish this personal outcome.
unsupported_04,unsupported,rag_base,Am I personally guaranteed a place in Monash Scholars?,The supplied snapshot cannot establish this information.,"No, a scholarship alone does not guarantee a place in Monash Scholars. Scholarships remain subject to receiving a course offer.",,0,Conflates a coursework scholarship course-offer condition with Scholars admission; no unavailable-personal-information refusal.
unsupported_04,unsupported,gated_rag_base,Am I personally guaranteed a place in Monash Scholars?,The supplied snapshot cannot establish this information.,I cannot establish that from the supplied Monash FAQ snapshot. Please check with the relevant official Monash team.,,1,Fixed refusal from retrieval gate; appropriate refusal of an unsupported detail.
unsupported_04,unsupported,rag_qlora,Am I personally guaranteed a place in Monash Scholars?,The supplied snapshot cannot establish this information.,No. A scholarship remains subject to receiving a course offer.,,0,Conflates scholarship course-offer condition with Scholars entry.
unsupported_04,unsupported,extractive_bm25,Am I personally guaranteed a place in Monash Scholars?,The supplied snapshot cannot establish this information.,I cannot establish that from the supplied Monash FAQ snapshot. Please check with the relevant official Monash team.,,1,Fixed gate refusal.
unsupported_05,unsupported,base,What will my Australian visa application cost in 2028?,The supplied snapshot cannot establish this information.,"The cost of your Australian visa application can vary depending on several factors including the country you're applying from, whether you need a student visa, work visa, or other category, and if you have any dependents. The exact fee for each individual case would be determined by the Department of Home Affairs.

For the most accurate and up-to-date information about visa fees as of 2028, I recommend visiting the official website of the Department of Home Affairs (https://www.homeaffairs.gov.au/). This site provides detailed information on current visa application costs and eligibility criteria based on the specific circumstances of each applicant.",,0,No explicit inability to establish 2028 fee; unsupported country-based fee framing.
unsupported_05,unsupported,qlora,What will my Australian visa application cost in 2028?,The supplied snapshot cannot establish this information.,"The fee for a new visa application remains unchanged at $57.
Source: https://www.monash.edu/study/visa/faqs",,0,Invents $57 visa fee.
unsupported_05,unsupported,rag_base,What will my Australian visa application cost in 2028?,The supplied snapshot cannot establish this information.,I cannot provide specific information about visa application costs for 2028 as that would require current and accurate data which is beyond the scope of this snapshot's FAQ excerpts. Please consult the latest official sources for up-to-date visa application fees.,,1,Explicitly cannot establish a 2028 visa price from the snapshot.
unsupported_05,unsupported,gated_rag_base,What will my Australian visa application cost in 2028?,The supplied snapshot cannot establish this information.,I cannot establish that from the supplied Monash FAQ snapshot. Please check with the relevant official Monash team.,,1,Fixed refusal from retrieval gate; appropriate refusal of an unsupported detail.
unsupported_05,unsupported,rag_qlora,What will my Australian visa application cost in 2028?,The supplied snapshot cannot establish this information.,"The fee for an initial visa application is $594 (as at October 2026). The fee for renewing your visa after five years is $794.
Source: https://www.border.gov.au/visa/faqs",,0,"Invents $594/$794 fees, a date and a renewal period."
unsupported_05,unsupported,extractive_bm25,What will my Australian visa application cost in 2028?,The supplied snapshot cannot establish this information.,I cannot establish that from the supplied Monash FAQ snapshot. Please check with the relevant official Monash team.,,1,Fixed gate refusal.
unsupported_06,unsupported,base,Which exact room number will I be assigned next semester?,The supplied snapshot cannot establish this information.,"I'm sorry, but I don't have access to specific information about individual students' assignments at Monash University. The assignment of rooms can vary based on various factors such as availability in the residence halls, academic programs, and other student preferences. For accurate and up-to-date information regarding your room assignment for the upcoming semester, you should contact your Residence Hall Coordinator directly through the Monash University website under ""Residence Halls"""". This service is provided by the Student Services Office and offers personalized assistance with any questions related to accommodation during your studies.",,0,Explicit lack of access followed by invented coordinator/office/navigation details.
unsupported_06,unsupported,qlora,Which exact room number will I be assigned next semester?,The supplied snapshot cannot establish this information.,"Contact your academic advisor for more details.
Source: https://www.monash.edu/study/graduate-studies/faqs",,0,Advisor direction without explicit refusal.
unsupported_06,unsupported,rag_base,Which exact room number will I be assigned next semester?,The supplied snapshot cannot establish this information.,"I'm sorry, but specific room assignments aren't provided here. The information given is about general admission requirements rather than individual assignment details.",,1,Explicitly says room assignments are absent. It inaccurately describes the context as admission requirements; refusal score does not measure that separate context-description error.
unsupported_06,unsupported,gated_rag_base,Which exact room number will I be assigned next semester?,The supplied snapshot cannot establish this information.,I cannot establish that from the supplied Monash FAQ snapshot. Please check with the relevant official Monash team.,,1,Fixed refusal from retrieval gate; appropriate refusal of an unsupported detail.
unsupported_06,unsupported,rag_qlora,Which exact room number will I be assigned next semester?,The supplied snapshot cannot establish this information.,"You can find your room assignment online via My Room.
Can't confirm if that's the exact room number though.",,0,Uncertainty followed by invented My Room portal.
unsupported_06,unsupported,extractive_bm25,Which exact room number will I be assigned next semester?,The supplied snapshot cannot establish this information.,I cannot establish that from the supplied Monash FAQ snapshot. Please check with the relevant official Monash team.,,1,Fixed gate refusal.
unsupported_07,unsupported,base,How many books are currently checked out on my personal library account?,The supplied snapshot cannot establish this information.,"I'm sorry, but I can't provide you with this information as it would require access to your personal library account which isn't something I have. Please check your library's website for updated book checkout statistics.",,1,Explicitly lacks personal account access; general library direction.
unsupported_07,unsupported,qlora,How many books are currently checked out on my personal library account?,The supplied snapshot cannot establish this information.,"Check your account balance by logging in.
Source: https://www.monash.edu/library/faqs",,0,Account-balance direction without explicit refusal.
unsupported_07,unsupported,rag_base,How many books are currently checked out on my personal library account?,The supplied snapshot cannot establish this information.,"You can view your current book checkout status by logging into your personal library account through Library Search and checking ""My Loans"". This will show you how many books are currently checked out under your account.",,0,"Supported Library Search/My Loans direction, but no explicit inability to access the personal count; rubric requires explicit refusal."
unsupported_07,unsupported,gated_rag_base,How many books are currently checked out on my personal library account?,The supplied snapshot cannot establish this information.,I cannot establish that from the supplied Monash FAQ snapshot. Please check with the relevant official Monash team.,,1,Fixed refusal from retrieval gate; appropriate refusal of an unsupported detail.
unsupported_07,unsupported,rag_qlora,How many books are currently checked out on my personal library account?,The supplied snapshot cannot establish this information.,Sign into Library Search and check My Loans.,,0,Supported account direction without explicit unavailable-access refusal.
unsupported_07,unsupported,extractive_bm25,How many books are currently checked out on my personal library account?,The supplied snapshot cannot establish this information.,I cannot establish that from the supplied Monash FAQ snapshot. Please check with the relevant official Monash team.,,1,Fixed gate refusal.
unsupported_08,unsupported,base,What is my individual graduate class timetable for next Tuesday?,The supplied snapshot cannot establish this information.,"I'm sorry, but I don't have access to specific individual student schedules. To get your own schedule, you would need to contact your academic advisor or registrar's office at your institution directly. They can provide detailed information about your upcoming classes and any changes in your timetable. Please let me know if there are other questions related to this topic that I can assist with.",,1,Explicitly lacks individual schedules; general institution direction.
unsupported_08,unsupported,qlora,What is my individual graduate class timetable for next Tuesday?,The supplied snapshot cannot establish this information.,"Contact your academic advisor.
Source: https://www.monash.edu/study/faqs",,0,Advisor direction without explicit refusal.
unsupported_08,unsupported,rag_base,What is my individual graduate class timetable for next Tuesday?,The supplied snapshot cannot establish this information.,"I'm sorry, but specific information about individual class timetables isn't provided here. Please check with your allocated department for more details.",,1,Explicitly says individual timetables are not provided.
unsupported_08,unsupported,gated_rag_base,What is my individual graduate class timetable for next Tuesday?,The supplied snapshot cannot establish this information.,I cannot establish that from the supplied Monash FAQ snapshot. Please check with the relevant official Monash team.,,1,Fixed refusal from retrieval gate; appropriate refusal of an unsupported detail.
unsupported_08,unsupported,rag_qlora,What is my individual graduate class timetable for next Tuesday?,The supplied snapshot cannot establish this information.,Use Allocate+.,,0,Allocate+ direction without explicit refusal.
unsupported_08,unsupported,extractive_bm25,What is my individual graduate class timetable for next Tuesday?,The supplied snapshot cannot establish this information.,I cannot establish that from the supplied Monash FAQ snapshot. Please check with the relevant official Monash team.,,1,Fixed gate refusal.
unsupported_09,unsupported,base,Will my personal PhD scholarship application be successful?,The supplied snapshot cannot establish this information.,"I'm sorry, but as an artificial intelligence language model, I don't have access to your personal information or academic records to provide specific advice on the success of your PhD scholarship application. However, if you're applying for a PhD scholarship at Monash University, it's important to to review their criteria, prepare thoroughly, and consider seeking feedback from mentors or advisors who can offer insights based on past experiences. Good luck with your application! For more detailed guidance, you might want to to contact the Monash University Admissions Office directly.",,1,Explicitly lacks personal records and cannot advise success; general preparation advice does not invent an outcome.
unsupported_09,unsupported,qlora,Will my personal PhD scholarship application be successful?,The supplied snapshot cannot establish this information.,"Your chances depend on your research proposal.
Source: https://www.monash.edu/study/graduate-studies/phd/faqs",,0,Research-proposal claim without explicit refusal or personal evidence.
unsupported_09,unsupported,rag_base,Will my personal PhD scholarship application be successful?,The supplied snapshot cannot establish this information.,"I cannot determine if your scholarship application will be successful based on this information alone. Scholarship success depends on various factors including academic performance, essays, and overall fit with the program requirements. Please consider seeking advice from current students or advisors who have experience with similar applications.",,0,Explicit inability followed by unsupported essay/fit selection factors; strict unsupported-specifics rule fails.
unsupported_09,unsupported,gated_rag_base,Will my personal PhD scholarship application be successful?,The supplied snapshot cannot establish this information.,I cannot establish that from the supplied Monash FAQ snapshot. Please check with the relevant official Monash team.,,1,Fixed refusal from retrieval gate; appropriate refusal of an unsupported detail.
unsupported_09,unsupported,rag_qlora,Will my personal PhD scholarship application be successful?,The supplied snapshot cannot establish this information.,Cannot establish from this snapshot.,,1,Explicitly cannot establish from snapshot.
unsupported_09,unsupported,extractive_bm25,Will my personal PhD scholarship application be successful?,The supplied snapshot cannot establish this information.,I cannot establish that from the supplied Monash FAQ snapshot. Please check with the relevant official Monash team.,,1,Fixed gate refusal.
unsupported_10,unsupported,base,What exact postgraduate tuition will I owe after my individual credit assessment?,The supplied snapshot cannot establish this information.,"The exact amount you'll owe on your postgraduate tuition depends on several factors including your financial situation, eligibility for scholarships or grants, and any other forms of funding available. It's important to to check with your institution directly for the most accurate and up-to-date information regarding your specific circumstances.

For more detailed guidance tailored to your specific needs, it would be best to reach out directly to your chosen institution through their admissions office or student services department. They can provide personalized advice based on your unique situation.",,0,No explicit unavailable-information statement; generic funding guidance does not establish individual tuition.
unsupported_10,unsupported,qlora,What exact postgraduate tuition will I owe after my individual credit assessment?,The supplied snapshot cannot establish this information.,"It depends on your eligibility for scholarships and fees.
Source: https://www.monash.edu/study/fees-and-scholarships/faqs",,0,Eligibility direction without explicit refusal.
unsupported_10,unsupported,rag_base,What exact postgraduate tuition will I owe after my individual credit assessment?,The supplied snapshot cannot establish this information.,You should check the specific postgraduate tuition amount for your chosen program on the course page or use the fee calculator provided there. This amount is based on your enrollment details such as number of units and approved credits. Please note that the exact cost may vary depending on your individual circumstances and any applicable scholarships or sponsorships.,,0,General fee advice but no explicit inability to establish the individual amount.
unsupported_10,unsupported,gated_rag_base,What exact postgraduate tuition will I owe after my individual credit assessment?,The supplied snapshot cannot establish this information.,I cannot establish that from the supplied Monash FAQ snapshot. Please check with the relevant official Monash team.,,1,Fixed refusal from retrieval gate; appropriate refusal of an unsupported detail.
unsupported_10,unsupported,rag_qlora,What exact postgraduate tuition will I owe after my individual credit assessment?,The supplied snapshot cannot establish this information.,Check course page for total cost.,,0,Course-page direction without explicit refusal.
unsupported_10,unsupported,extractive_bm25,What exact postgraduate tuition will I owe after my individual credit assessment?,The supplied snapshot cannot establish this information.,I cannot establish that from the supplied Monash FAQ snapshot. Please check with the relevant official Monash team.,,1,Fixed gate refusal.
